xs,xp,y,proc
0.5123463596130368,0.5123463596130368,-1.0535671593831581,CT
0.9032154250571927,0.6765879339294198,-0.752537163719177,CT
1.3855621705478618,1.1070681631785135,-0.45150716805519575,CT
1.9438264028285768,1.7787575305618715,-0.2754159089995145,CT
2.675523541244954,2.479068220480475,0.06037619292367859,CT
4.064383788523017,2.5122598279533275,1.633961801831476,CT
4.146732874638023,2.57430591986261,1.7113558252667302,CT
4.7704706514293305,2.6643022168075916,2.328269640615185,CT
5.122208041347008,2.6652887504490845,2.6708725640139166,CT
0.5840528831675605,0.5840528831675605,-1.0606579536835656,CT
1.008859897336258,0.8040413892653102,-0.7596279580195845,CT
1.6501669756829773,1.5375601353411996,-0.5835366989639034,CT
2.0262534839598674,1.7354563450223,-0.3616879493475469,CT
2.270351417154297,1.903783799533979,-0.28250670329992206,CT
2.7018515319388383,2.1507997766829,0.33728205498847186,CT
3.1901579055377374,2.24643881562109,0.8738404975600019,CT
3.2626632367844017,2.264441277356772,0.9170656516052821,CT
3.6344707417451376,2.4417361333836256,1.2134998955801142,CT
4.476051179432961,2.4446266468029476,2.0239183242507655,CT
4.584406325813527,2.4555765345932232,2.1488570608590654,CT
4.587795089785274,2.4783588194306136,2.1491250611649493,CT
4.646829460517759,2.6053127998337056,2.214422944773293,CT
4.99848656067021,2.6087755115732523,2.5557125186077037,CT
5.0629728055101,2.825216016405155,2.6158527565989877,CT
0.3527427535882507,0.3527427535882507,-1.0495602188219426,CT
0.8445705856549228,0.6756499814158408,-0.7485302231579615,CT
1.434250263224455,1.1891093390735168,-0.4475002274939803,CT
1.7659434848609876,1.4200155427710102,-0.20446217880768577,CT
2.1912386006334468,1.6608596905312416,0.09656781685629541,CT
2.346184083768381,1.8234068755438464,0.1265310402337386,CT
2.606794670654935,2.0855537947770535,0.25146977684203853,CT
2.8762772830741774,2.1739652546197346,0.4689537210559448,CT
2.9646569333313533,2.2297842089735083,0.48191869822031247,CT
3.3537970046185603,2.4324979783993514,0.8849382324216251,CT
4.133541368352522,2.433817269717333,1.6860386808762373,CT
4.432702114429078,2.7956741275314116,2.010381669240012,CT
0.8329612069399028,0.8329612069399028,-1.0745448299429023,CT
2.276830098632939,2.2609135317741265,-0.7735148342789211,CT
2.647331114370921,2.306025343603538,-0.033152144784677214,CT
3.542667592735344,2.4919079265007262,1.0525599684219054,CT
4.039411862367879,2.606771403043608,1.5455912250308552,CT
5.204027110091045,2.66732582297096,2.7551448109560686,CT
1.6638889500588419,1.6638889500588419,-1.1003097258169081,CT
2.180389067370136,2.022724467402309,-0.799279730152927,CT
2.63823702961606,2.2390426144585973,-0.14606721637758333,CT
3.619974783163525,2.3445039037226776,1.2135574945522452,CT
3.6777087050847843,2.5929072438596363,1.2260261351118433,CT
3.841305091695897,2.612107584337463,1.3896487536079265,CT
5.1218416353372564,2.6290541058001953,2.647645581089822,CT
5.14667090221815,2.6542750942668687,2.673988212682369,CT
5.252901175046504,2.6579527387238464,2.787813581481,CT
0.9453902545218321,0.9453902545218321,-1.049073369309828,CT
1.4517727961036042,1.2896046003169301,-0.7480433736458468,CT
2.15718409231248,2.061869584875684,-0.5719521145901657,CT
2.521867516704571,2.1212409011053976,-0.1459833823178845,CT
2.7328755694544595,2.318149606835566,-0.09483085987050317,CT
3.320747525936214,2.497814874992251,0.6669299743249711,CT
3.913970840392675,2.5073288383062957,1.493752057649352,CT
4.532326060816646,2.603042750609307,2.1035207086176415,CT
4.846656945465105,2.7235220148864583,2.4139232427182282,CT
0.724104795144339,0.724104795144339,-1.0274801285380366,CT
1.2346273486308623,0.8342998396105044,-0.5503588738183741,CT
2.0486803186427536,1.97633653302393,-0.42542013721007427,CT
2.42314019343174,2.0150929255303747,-0.18238208852377977,CT
2.8614251678628557,2.5533491719513632,0.2512734724147923,CT
4.749927392689296,2.591877210399874,2.350372290468718,CT
5.140316613672798,2.624433429964609,2.7265622582474,CT
0.5325492472109405,0.5325492472109405,-1.0591781767053126,CT
0.890707293493092,0.6401567107990478,-0.7581481810413314,CT
1.1224794842328738,0.739012020801339,-0.5820569219856502,CT
1.9337869715105902,1.8391313525050768,-0.36020817236929387,CT
2.4562752629215914,2.2676895132819226,-0.10493566726598778,CT
3.490638335761041,2.3273526986973803,1.0271816539694356,CT
3.648307158433711,2.424646636004104,1.1838598719809819,CT
3.9553244502756737,2.516646782682604,1.504302908689098,CT
4.36765708778338,2.5578055216603417,1.913949676894386,CT
4.551131760318365,2.650522832650455,2.0835240690323027,CT
5.257204026750335,2.69939302570502,2.805748014833693,CT
0.38386252447186947,0.38386252447186947,-1.047423223082482,CT
2.2946598901227655,2.2892936848016254,-0.7463932274185009,CT
3.5111991713381054,2.5657073840969646,1.052947322035081,CT
4.076047328558938,2.6191735666765226,1.5860452324971044,CT
4.496023846563219,2.652123248458244,2.082910545412524,CT
4.808554505918468,2.6752302371580914,2.382651832469457,CT
4.936065671818746,2.701387288472545,2.5122440553055756,CT
1.4093384761927148,1.4093384761927148,-1.07451695093329,CT
2.240776582830387,2.143202067532729,-0.4724569596053276,CT
3.2530425813268375,2.6488421311641694,0.7316630230505972,CT
4.341433066619223,2.6599092930145187,1.855412609151298,CT
5.180956151272652,2.7562480336623985,2.719831652962793,CT
2.013204465577623,2.013204465577623,-1.0566990166431647,CT
2.954955487548596,2.278195476333667,0.39045901469905464,CT
3.6352152599854617,2.517175831890213,1.1985734884601416,CT
4.241609333524933,2.5250248569079194,1.8160398108295042,CT
4.338266022546399,2.5881941997111078,1.9032958216852516,CT
0.8013628700379917,0.8013628700379917,-1.0561078904288526,CT
1.2276041151856847,0.8201608901726851,-0.5789866357091902,CT
1.6917648384172788,1.4803909636439667,-0.35713788609283376,CT
2.167109213246906,1.9244900164600993,-0.153017903436909,CT
2.462341286998322,2.155434917423501,-0.10186538098952772,CT
3.216104389848355,2.1834254565307276,0.846982096563091,CT
3.5480949817083087,2.4736166028946416,1.1199833686268286,CT
3.655111901952098,2.5092855181635745,1.2157337161076465,CT
4.039208690833585,2.569019120688598,1.5733017086738663,CT
4.132585733373902,2.5805497377041315,1.6648778537248865,CT
4.463611033878409,2.606558866281434,1.9965860514961153,CT
5.264762159118568,2.620943469780859,2.823446710510122,CT
0.9980574596918008,0.9980574596918008,-1.094839365623038,CT
1.8259352327640894,1.7560508259973724,-0.7938093699590567,CT
2.141930001329098,1.8553662576504961,-0.6177181109033755,CT
2.640466700283396,2.4300770108190552,-0.19174937863109434,CT
4.073150644967584,2.489778319295487,1.6228311373792241,CT
4.66517063470443,2.5904872793199423,2.207275011333163,CT
5.1637386341464016,2.6862844192115696,2.7075238086865094,CT
1.0251524477821707,1.0251524477821707,-1.0829702333382043,CT
1.5440658743664155,1.3408743413765631,-0.6058489786185419,CT
2.1718968357907875,2.0552194397447217,-0.480910242010242,CT
2.964292741533441,2.165526446171603,0.519089757989758,CT
3.345364518362206,2.17894729593646,0.9504535221487452,CT
3.6660253427080525,2.464611588145197,1.218059762325777,CT
4.259411126243521,2.4925062196931798,1.8340098139821779,CT
4.803409442803017,2.5094308624740442,2.3674328528171618,CT
4.993959283747527,2.738489554025777,2.545725149375819,CT
0.5324162763507281,0.5324162763507281,-1.0752538251573998,CT
1.696570572980027,1.6105515953132943,-0.4731938338294373,CT
2.1284179611902787,1.760541410497872,-0.1721638381654561,CT
2.5606643506128983,2.268261705316936,0.038689527149437034,CT
3.699938701330724,2.28059929866228,1.3085615408230316,CT
3.74291838020784,2.56568769971227,1.3295798914625383,CT
4.356065435711107,2.5964843569652665,1.9294973304336014,CT
5.032263625227385,2.616684762097059,2.5795962654039943,CT
5.234368046662116,2.630303025590441,2.784124679268201,CT
1.6448822931256595,1.6448822931256595,-1.0681308996496304,CT
2.0951349634695164,1.9049592002791105,-0.7671009039856492,CT
2.4721902592194933,2.021943150563307,-0.28997964926598674,CT
3.1801531916929355,2.1467094424857716,0.7579439030511961,CT
3.298259283607202,2.58735589633471,0.7831274490694449,CT
5.036286537491524,2.6035138958341206,2.582079455010729,CT
5.2820436535864035,2.6085006654922798,2.8265727529595996,CT
0.8240158994749885,0.8240158994749885,-1.0632765317551767,CT
1.4156113423020746,1.2871276296618726,-0.7622465360911955,CT
1.7962194573433046,1.5624195103769138,-0.5861552770355143,CT
2.265650099983667,1.9014527878648724,-0.21817849174091983,CT
2.7117102453055297,2.0198782689674784,0.35169681621564125,CT
3.161581095145819,2.4261830512810323,0.861002754306705,CT
4.402544058361379,2.4291100992699928,1.9591518394303098,CT
4.449079377131943,2.441833248519369,2.002676448558693,CT
4.6315152475683,2.4922816592934187,2.1842057289218775,CT
4.759070195144924,2.5469653438480364,2.310003361522319,CT
4.8770157138116526,2.554829822857564,2.4315734899249173,CT
4.947910793450881,2.6238511382634915,2.501034378205426,CT
0.6094577176548058,0.6094577176548058,-1.0720687180284891,CT
1.930317131600413,1.9090597265870939,-0.7710387223645081,CT
2.5817171061830346,2.2345751525601,0.04187463427834751,CT
3.0720545583972143,2.5087078586361415,0.45941019901376584,CT
3.8555173298345378,2.556045603457808,1.3609005728459165,CT
4.36164879534329,2.5805804550317664,1.914255059022276,CT
5.187379106412558,2.5872582303987524,2.7429109657322677,CT
5.2703309987340505,2.6975458076796355,2.826820937898097,CT
0.4980444779359922,0.4980444779359922,-1.0612396661332453,CT
2.295043100333489,2.2880563636809277,-0.760209670469264,CT
2.9600722910026,2.354351327347738,0.47023925090901,CT
3.9512217565847236,2.5641368747723465,1.4638051409036001,CT
4.845730398351267,2.6152756775353496,2.404440545465033,CT
4.981471933403093,2.615622214455052,2.5480345062713425,CT
0.7520334883041757,0.7520334883041757,-1.0268272809410321,CT
1.3015541192618483,0.9297397681439697,-0.4247672896130698,CT
1.7784895444500675,1.6023053408022998,-0.3278572766050134,CT
2.107231450064146,1.7801516241447604,-0.12373729394908864,CT
2.473728535939115,2.059358445986993,0.17729270171489256,CT
3.2589304672886685,2.2618465966775156,0.9176553912091363,CT
3.520005598262834,2.3072369742659427,1.1772927017148926,CT
3.7740296635168837,2.317501392782199,1.3658696723186334,CT
3.7982978893376624,2.332704639084411,1.384792425022198,CT
3.9324164388606446,2.3798036160427167,1.499511996448812,CT
4.122924355270296,2.458338181767882,1.6858224206861792,CT
4.222697455329845,2.5094581747174085,1.771132362796164,CT
4.730373390986799,2.563863777091143,2.2982777020303753,CT
5.0803082359874505,2.671943475400719,2.655408075961532,CT
0.7562163678211723,0.7562163678211723,-1.0933289421893049,CT
2.147848566051153,2.0805894350055967,-0.31517769180566124,CT
2.666508920535508,2.1357415049662465,0.16194356291400114,CT
3.5547025432900163,2.17780475047551,1.1595240887905882,CT
3.6315686236174063,2.194507892899064,1.2033362480722263,CT
3.6870719165814663,2.2840690207758563,1.2431307916592247,CT
3.9079274271416717,2.3611896399420784,1.390970897157481,CT
3.9499485159473795,2.5367723440717125,1.419888657878634,CT
4.501696184358639,2.579080317533875,2.031826887391225,CT
4.994567181938348,2.5820960799735073,2.5204071990725665,CT
5.115162191471158,2.589011368366894,2.6437045891445727,CT
0.7441298483954866,0.7441298483954866,-1.0670541740220816,CT
1.3171735707134204,1.0971372239460748,-0.5899329193024192,CT
2.00287737925237,1.9025865176521186,-0.4649941826941193,CT
2.64865227497043,2.3068561716634304,-0.11281166458275677,CT
3.5936627367056406,2.349579516935084,1.1608325305915919,CT
3.6602614811665397,2.6243911076254003,1.2024587701958347,CT
4.406129198134166,2.739103196757829,1.9411200099843446,CT
1.9040390024683775,1.9040390024683775,-1.049260562064052,CT
2.2398410024946838,1.9710041741109388,-0.7482305664000708,CT
2.7296427942376407,2.3197836272814967,0.029920683983572862,CT
3.119592997239729,2.4048433668617797,0.4948074822862236,CT
3.3299918404089586,2.628371930138989,0.6667427815707472,CT
5.154130380397277,2.6353468187452767,2.7193775391835624,CT
1.540984830291056,1.540984830291056,-1.0603553364392881,CT
2.0861997952824693,1.9298655921074044,-0.5832340817196258,CT
2.4576623547287415,1.9544451968795031,0.05358801586754859,CT
2.6661781945187624,2.062064916789318,0.1437646462166366,CT
3.0417544372427683,2.0660223116027616,0.6386146678967306,CT
3.2348279380100697,2.174957907252784,0.8088763832916881,CT
3.4506582732675612,2.2307603767419653,1.0330663487229468,CT
3.6038126654789897,2.2720409550111866,1.2183982645135407,CT
3.719252640872213,2.53671313207932,1.3013724995783047,CT
3.8372871791119536,2.548011244176431,1.4065122839148212,CT
4.955542395388819,2.5486255196897223,2.5183984479871464,CT
5.005571486261639,2.6040153178023817,2.568442149127422,CT
2.0992263075345305,2.0992263075345305,-1.0548550457464716,CT
3.0147338150446377,2.225415390919068,0.48921299860380413,CT
3.3342737030647855,2.3922374936030435,0.8084678143739844,CT
3.437432424640622,2.5124427579250885,0.9228685595423762,CT
4.099499190095125,2.710384096867107,1.6362264463764968,CT
0.6725262941793028,0.6725262941793028,-1.0988412275581243,CT
1.0024633106550054,0.7285357495166048,-0.7978112318941432,CT
1.2635490977936852,0.9185254362744016,-0.6217199728384618,CT
1.4331023266423157,0.9426021123500756,-0.4967812362301619,CT
1.6088813264048236,1.1311348787439401,-0.3998712232221055,CT
1.7972516012019122,1.3436935133317942,-0.32068997717448067,CT
2.0279312166976085,1.532018030273202,-0.1957512405661807,CT
2.327249964712597,1.8485016387331006,0.07725003149755696,CT
2.7907611950945657,2.3134714071883464,0.4196727123197631,CT
3.6587865064287683,2.6031907898603173,1.1588373473110603,CT
4.848094323742052,2.6720074347258485,2.360400437319958,CT
5.110282958983803,2.6789892319849664,2.635558514962443,CT
0.3416109233824577,0.3416109233824577,-1.095572934514775,CT
0.6979887155290257,0.4460434928764401,-0.7945429388507939,CT
0.9148034242666299,0.5092012257002079,-0.6184516797951126,CT
1.2517953309312329,0.9839757910936143,-0.4935129431868127,CT
2.094473998372673,2.027122666379986,-0.3966029301787563,CT
2.9674118848255784,2.1654476614305183,0.6825783158688685,CT
3.234118502763264,2.1698461509596263,0.8586695749245498,CT
3.3071095546796783,2.206336339819704,0.9000622600827749,CT
3.589616792237336,2.4783061223396987,1.1112529415170747,CT
4.070030138023792,2.487987361373754,1.568127990874873,CT
4.7005253182382765,2.61464007177306,2.219557382668827,CT
4.781505638310817,2.63377781044618,2.2981777058333055,CT
1.7411721592712504,1.7411721592712504,-1.0477014671701377,CT
2.690513113186761,2.1306079101194078,0.41469653072881846,CT
3.2139542924580997,2.249863873860434,0.8215302525608386,CT
3.6881393121925217,2.278337019317153,1.300603395878023,CT
3.8162681980795394,2.429811932732901,1.4176813842782805,CT
4.304331466278085,2.5067952772498647,1.8692785801502445,CT
4.358838510911621,2.517776979445729,1.9245013712089267,CT
4.7265027309122445,2.528449360220214,2.3011872559013002,CT
4.960386964074782,2.6657212235427235,2.532653193936454,CT
1.7084643978966056,1.7084643978966056,-1.0390609899290044,CT
2.4503383704025063,1.9679719721588085,0.10706704574923358,CT
2.6625535740750177,2.2404491541314457,0.16505899272692034,CT
3.1826129023822416,2.3713903328570116,0.7390902604546392,CT
3.5940521260596143,2.3940860018211447,1.2113590123798894,CT
3.8671572930729052,2.5328028756173615,1.4523007039052682,CT
4.346014931351387,2.602730009990806,1.9185462971310907,CT
2.331956223634085,2.331956223634085,-1.0604360481826456,CT
3.560068723302517,2.5690670130902635,1.0856919874955924,CT
3.8012190180581826,2.639478585012116,1.3215809943922228,CT
5.103064014769164,2.697130552254895,2.673001978908416,CT
2.225309281725863,2.225309281725863,-1.28972266213735,DTAct
3.0136796972911926,2.369215857410143,0.3537300143488373,DTAct
3.289142835932333,2.510545010206612,0.5910909301434413,DTAct
3.385606273598312,2.53655844257153,0.6345566239245316,DTAct
3.66162340922923,2.6570558528571038,0.8949687686802488,DTAct
4.0764948050097205,2.6884198220027105,1.3869709474875165,DTAct
4.145941869576122,2.7259116322950483,1.4329112603964622,DTAct
4.195179842431903,2.999130541287371,1.4450771674514968,DTAct
0.3010299956639812,0.3010299956639812,-1.3267048138262487,DTAct
2.462397997898956,2.456366033129043,-0.8495835591065865,DTAct
3.154119525515847,2.505149978319906,0.12045321751597038,DTAct
3.4840149626675627,2.546542663478131,0.7146878713319762,DTAct
4.2638726768652235,2.8195439355418688,1.5659462200510514,DTAct
5.258546296400412,2.9283958522567137,2.5653341065150426,DTAct
0.3010299956639812,0.3010299956639812,-1.3443174850782655,DTAct
2.1522883443830563,2.1335389083702174,-0.742257493750303,DTAct
2.575187844927661,2.214843848047698,-0.4992194450640086,DTAct
2.9731278535996988,2.494154594018443,0.11808051282069057,DTAct
3.9582771255476974,2.5415792439465807,1.260987561062844,DTAct
4.44551079656673,2.568201724066995,1.7294008652678572,DTAct
4.640362163527487,2.807535028068853,1.9580134436061338,DTAct
0.7781512503836436,0.7781512503836436,-1.3502530642449164,DTAct
1.3010299956639813,1.0,-0.7481930729169541,DTAct
1.7323937598229686,1.255272505103306,-0.3960105548055916,DTAct
2.093421685162235,1.806179973983887,-0.27107181819729165,DTAct
2.305351369446624,1.8325089127062364,-0.17416180518923524,DTAct
2.9434945159061026,2.639486489268586,0.35731711185301984,DTAct
3.500785172917456,2.832508912706236,0.7252938971476144,DTAct
4.9890135242119245,2.845098040014257,2.2779314438284963,DTAct
0.6020599913279624,0.6020599913279624,-1.3258291872700663,DTAct
1.146128035678238,0.7781512503836436,-0.7237691959421039,DTAct
2.250420002308894,2.187520720836463,-0.4227392002781227,DTAct
3.09968064110925,2.7209857441537393,0.3901741563647329,DTAct
3.9147661369258526,2.738780558484369,1.0668677659895995,DTAct
4.409764104266346,2.8830933585756897,1.633689189702932,DTAct
4.754867954747026,2.9169800473203824,2.0300053086148697,DTAct
4.936342805922218,3.009450895798694,2.2231740747557214,DTAct
0.3010299956639812,0.3010299956639812,-1.3363656813357991,DTAct
1.6434526764861874,1.5797835966168101,-0.7343056900078367,DTAct
2.220108088040055,1.954242509439325,-0.2571844352881743,DTAct
2.7259116322950483,2.387389826338729,0.006056999486407137,DTAct
2.959994838328416,2.41161970596323,0.24341791528101103,DTAct
3.7472563974421442,2.482873583608754,1.0752540246274311,DTAct
3.8572118423168926,2.621176281775035,1.2126375806899887,DTAct
4.071882007306125,2.7481880270062002,1.3992332183623808,DTAct
4.858645456937789,2.983175072037813,2.163596184260391,DTAct
1.3010299956639813,1.3010299956639813,-1.3344830170534252,DTAct
2.53655844257153,2.505149978319906,-0.7324230257254629,DTAct
3.103803720955957,2.513217600067939,0.06345699161861232,DTAct
3.4307198878632823,2.7058637122839193,0.4648575324001564,DTAct
3.826722520168992,2.7466341989375787,1.017699501057937,DTAct
4.283888937976056,2.8115750058705933,1.5581680168238752,DTAct
4.54966524036331,2.8312296938670634,1.814119637752668,DTAct
4.565824215071137,2.8536982117761744,1.824180963760564,DTAct
0.3010299956639812,0.3010299956639812,-1.3079630901732722,DTAct
2.220108088040055,2.214843848047698,-1.006933094509291,DTAct
3.012837224705172,2.24551266781415,0.3048207665464633,DTAct
3.1684974835230326,2.3180633349627615,0.4554649033896651,DTAct
3.380934463330702,2.496929648073215,0.6920369098267278,DTAct
3.8890774926500637,2.710963118995276,1.1791752853039144,DTAct
4.88488595048149,2.8573324964312685,2.2123894139100457,DTAct
0.6020599913279624,0.6020599913279624,-1.2841256343521334,DTAct
2.724275869600789,2.710963118995276,-0.4390275943378767,DTAct
4.248463717551032,2.82865989653532,1.5509304673679827,DTAct
0.3010299956639812,0.3010299956639812,-1.3416654653670266,DTAct
0.7781512503836436,0.6020599913279624,-1.0406354697030453,DTAct
1.3010299956639813,1.146128035678238,-0.8645442106473642,DTAct
2.815577748324267,2.7937903846908188,-0.43857547837508304,DTAct
4.564595056624839,2.8169038393756605,1.7893112262385906,DTAct
4.728158914616567,2.9777236052888476,1.985489047042405,DTAct
0.3010299956639812,0.3010299956639812,-1.3161450798329841,DTAct
1.255272505103306,1.2041199826559248,-1.015115084169003,DTAct
2.041392685158225,1.954242509439325,-0.7140850885050218,DTAct
2.3654879848909,1.9637878273455553,-0.41305509284104064,DTAct
2.662757831681574,2.3180633349627615,-0.17001704415474617,DTAct
3.2380461031287955,2.3654879848909,0.5589161835587159,DTAct
3.4520932490177314,2.4183012913197452,0.8391909576320776,DTAct
3.5260806918020298,2.428134794028789,0.8685463509846145,DTAct
3.8582965245338854,2.5237464668115646,1.19573828114589,DTAct
3.9155053617543767,2.8129133566428557,1.2291620366328397,DTAct
4.034468022755043,2.838849090737255,1.306068943133311,DTAct
4.619385545889685,2.941511432634403,1.936707951146909,DTAct
0.6020599913279624,0.6020599913279624,-1.367551484327306,DTAct
1.662757831681574,1.414973347970818,-0.5224534443130492,DTAct
2.515873843711679,2.424881636631067,-0.3261587991690809,DTAct
3.3754807146185724,2.494154594018443,0.5818385223176068,DTAct
3.8833206783829755,2.5237464668115646,1.2029914555545915,DTAct
4.14884934295922,2.5538830266438746,1.4636782095397574,DTAct
4.277609214304091,2.586587304671755,1.607880324181957,DTAct
4.339650157613684,2.7024305364455254,1.6540512317009362,DTAct
4.686135559106637,2.724275869600789,2.0185906246035126,DTAct
4.935083849086052,2.890979596989689,2.2536247974477295,DTAct
0.7781512503836436,0.7781512503836436,-1.3125940210987774,DTAct
1.6812412373755872,1.414973347970818,-0.4095040341068338,DTAct
2.0791812460476247,1.7481880270062005,-0.13650276204309608,DTAct
2.4345689040341987,2.164352855784437,-0.08214509972050342,DTAct
2.9804578922761,2.3010299956639813,0.39497615499915906,DTAct
3.204662511748219,2.606381365110605,0.6168249046155154,DTAct
3.6524397475894204,2.6884198220027105,0.9022498269489205,DTAct
3.9864134054654685,2.8488047010518036,1.33085865538741,DTAct
4.759818877374826,2.8796692056320534,2.0390090513203516,DTAct
5.209150268519544,2.886490725172482,2.4952115111718474,DTAct
1.505149978319906,1.505149978319906,-1.3098912902151771,DTAct
2.292256071356476,2.2041199826559246,-0.8327700354955146,DTAct
2.724275869600789,2.4712917110589387,-0.2307100441675523,DTAct
3.515873843711679,2.546542663478131,0.9306579580674227,DTAct
3.5959369062691735,2.5774917998372255,0.982364781141299,DTAct
3.653791187387812,2.584331224367531,1.0039759301539763,DTAct
3.9981721219394406,2.727541257028556,1.3640507084189106,DTAct
4.993744756554462,2.7558748556724915,2.292711230205079,DTAct
5.016816137752916,2.8273692730538253,2.3174745663775553,DTAct
5.083022193633362,2.8739015978644615,2.3934000879034842,DTAct
0.3010299956639812,0.3010299956639812,-1.3095052875981303,DTAct
0.7781512503836436,0.6020599913279624,-1.008475291934149,DTAct
1.146128035678238,0.7781512503836436,-0.707445296270168,DTAct
1.380211241711606,1.0,-0.6105352832621115,DTAct
1.6989700043360187,1.414973347970818,-0.5313540372144867,DTAct
2.1335389083702174,1.9344984512435677,-0.4644072475838734,DTAct
2.710963118995276,2.361727836017593,0.19564469072177568,DTAct
3.12515582958053,2.4183012913197452,0.4828864019001236,DTAct
3.2073650374690716,2.444044795918076,0.48983526185545145,DTAct
3.3384564936046046,2.575187844927661,0.5655559757935698,DTAct
3.540079088804173,2.6127838567197355,0.7473995637383423,DTAct
3.6578204560156973,2.6434526764861874,0.8548475681863068,DTAct
4.226599905207357,2.6720978579357175,1.5093801269958795,DTAct
4.297322714205302,2.69196510276736,1.5979060731764558,DTAct
4.328094057815027,2.7058637122839193,1.6127009898408862,DTAct
4.424162659974883,2.7323937598229686,1.7116840114718077,DTAct
4.5070188464164325,2.7752462597402365,1.8024289887345513,DTAct
4.757107415601235,2.843855422623161,2.0789511651021364,DTAct
5.165066178389756,2.847572659142112,2.4875544071018405,DTAct
0.3010299956639812,0.3010299956639812,-1.2708689550459151,DTAct
1.7781512503836436,1.7160033436347992,-0.5718989507098963,DTAct
2.0863598306747484,1.792391689498254,-0.49271770466227144,DTAct
2.4742162640762553,1.845098040014257,0.10934228666569093,DTAct
2.7708520116421442,2.401400540781544,0.2342810232739909,DTAct
2.934498451243568,2.4183012913197452,0.2854335457213722,DTAct
3.645815118296642,2.584331224367531,1.0492773310651389,DTAct
3.780317312140151,2.929418925714293,1.0813135630654473,DTAct
0.6020599913279624,0.6020599913279624,-1.3163113651489455,DTAct
1.5563025007672873,1.4771212547196624,-0.8391901104292832,DTAct
1.9912260756924949,1.792391689498254,-0.7142513738209831,DTAct
2.90848501887865,2.845098040014257,-0.36206885570962066,DTAct
4.871374422274811,2.9434945159061026,2.1474323560981134,DTAct
4.910047808486977,2.9628426812012423,2.177007243083156,DTAct
0.3010299956639812,0.3010299956639812,-1.3777658467442855,DTAct
0.7781512503836436,0.6020599913279624,-1.0767358510803045,DTAct
1.4471580313422192,1.3010299956639813,-0.7757058554163232,DTAct
1.8325089127062364,1.3424226808222062,-0.37776584674428554,DTAct
2.2405492482826,1.8692317197309762,-0.17364586408836075,DTAct
2.6473829701146196,2.3096301674258988,0.020174161927752135,DTAct
3.1743505974793798,2.4082399653118496,0.47349250197478976,DTAct
3.27415784926368,2.4800069429571505,0.5567326044992822,DTAct
3.7768464086952993,2.5634810853944106,1.1797413551613725,DTAct
3.9202277114569286,2.584331224367531,1.2764106951336749,DTAct
4.462487842635732,2.6334684555795866,1.735508845720065,DTAct
4.501907841413007,2.806179973983887,1.7865870090401517,DTAct
0.3010299956639812,0.3010299956639812,-1.3436701796869897,DTAct
1.0,0.6020599913279624,-0.7416101883590271,DTAct
1.3424226808222062,1.0,-0.565518929303346,DTAct
2.0086001717619175,1.8808135922807914,-0.440580192695046,DTAct
2.5658478186735176,2.2600713879850747,0.018057656330603293,DTAct
2.835056101720116,2.482873583608754,0.11872781821196646,DTAct
3.478854967528663,2.48572142648158,0.8685174247169681,DTAct
3.8999298827278643,2.546542663478131,1.2303610880407292,DTAct
4.107955772547713,2.568201724066995,1.4330310043014212,DTAct
4.134878045195129,2.7058637122839193,1.4466149843462521,DTAct
4.6099570590580345,2.8524799936368566,1.9125663535189332,DTAct
2.591064607026499,2.591064607026499,-1.280561371492625,DTAct
3.724275869600789,2.7558748556724915,1.0182917049170817,DTAct
4.197611323169714,2.7573960287930244,1.4946848882476116,DTAct
4.480696664354479,2.932473764677153,1.7861371789303704,DTAct
4.85907822474697,2.971275848738105,2.1285259979552102,DTAct
1.0,1.0,-1.380087945519009,DTAct
2.1522883443830563,2.0492180226701815,-0.5349899055047521,DTAct
2.9116901587538613,2.27415784926368,0.2533805100605776,DTAct
3.301897717195208,2.513217600067939,0.6411013535509291,DTAct
3.474798818800631,2.9041743682841634,0.6768169058174637,DTAct
0.7781512503836436,0.7781512503836436,-1.3310075505209669,DTAct
1.6989700043360187,1.5314789170422551,-0.632037546184948,DTAct
2.2041199826559246,1.9637878273455553,-0.33100755052096686,DTAct
2.8048206787211623,2.673941998634088,-0.18487951484272877,DTAct
3.6481647785740012,2.7895807121644256,0.8450837085347145,DTAct
4.930092836361488,2.8692317197309762,2.211817876438213,DTAct
0.9030899869919435,0.9030899869919435,-1.3555186592965107,DTAct
2.100370545117563,2.041392685158225,-0.656548654960492,DTAct
2.5390760987927767,2.3384564936046046,-0.5104206192822539,DTAct
3.236033147117636,2.5563025007672873,0.4705561434043157,DTAct
3.668758541750958,2.582063362911709,0.9789350918544202,DTAct
3.738780558484369,2.625312450961674,1.009969325594389,DTAct
4.171901890731724,2.7193312869837265,1.4757110345705526,DTAct
4.546271144568441,2.767897616018091,1.8370487940400348,DTAct
4.590752693877779,2.9804578922761,1.8741631830211651,DTAct
0.7781512503836436,0.7781512503836436,-1.3127384117421603,DTAct
2.1583624920952498,2.113943352306837,-0.6137684074061416,DTAct
2.595496221825574,2.387389826338729,-0.4096484247502168,DTAct
3.2629254693318317,2.6570558528571038,0.394831764355776,DTAct
3.796851749049887,2.66838591669,1.132865791531437,DTAct
4.1396902216529226,2.6884198220027105,1.390552966376501,DTAct
4.568107812404416,2.693726948923647,1.8114396437325146,DTAct
4.675814989451155,2.7058637122839193,1.9473329762429143,DTAct
4.7122960621761205,2.7528164311882715,1.994329538919138,DTAct
5.058835829335173,2.8221680793680175,2.3749688678826586,DTAct
5.061753967805933,2.840106094456758,2.3760372435306847,DTAct
5.096611115571995,2.8692317197309762,2.4085774688637387,DTAct
0.3010299956639812,0.3010299956639812,-1.3541136638629403,DTAct
1.146128035678238,1.0791812460476249,-1.053083668198959,DTAct
1.7781512503836436,1.255272505103306,-0.45102367687099665,DTAct
2.1522883443830563,1.3010299956639813,-0.12366474248466634,DTAct
2.2648178230095364,1.5797835966168101,-0.053083668198959044,DTAct
2.60422605308447,2.330413773349191,0.0076141721546526655,DTAct
3.1559430179718366,2.6020599913279625,0.38624902563130364,DTAct
3.909235003368307,2.6646419755561257,1.197336334109935,DTAct
4.256525324848108,2.693726948923647,1.5591702378974783,DTAct
4.53150446302514,2.7193312869837265,1.8161480515320172,DTAct
4.668833028412988,2.837588438235511,1.9664480163322964,DTAct
0.3010299956639812,0.3010299956639812,-1.3368016577791977,DTAct
2.5634810853944106,2.558708570533166,-0.8596804030595353,DTAct
3.5460488664017342,2.77232170672292,0.7704083118686706,DTAct
4.037426497940624,2.840106094456758,1.3086206115698942,DTAct
4.773581678778409,2.887617300335736,2.0682030072711717,DTAct
4.832496139151274,2.906335041805091,2.100314435268881,DTAct
5.085026424028281,2.90848501887865,2.3470555476211485,DTAct
5.11953960604808,2.951337518795918,2.3796190760673572,DTAct
5.180200450375939,3.03261876085072,2.434123956859801,DTAct
0.9030899869919435,0.9030899869919435,-1.3393965171466242,DTAct
2.346352974450639,2.255272505103306,-0.33939651714662433,DTAct
2.9190780923760737,2.783903579272735,-0.29800383198839925,DTAct
4.732393759822968,2.7993405494535817,1.9996572185625148,DTAct
4.946717477026955,2.8312296938670634,2.246064212361876,DTAct
0.3010299956639812,0.3010299956639812,-1.283002500483182,DTAct
0.9030899869919435,0.7781512503836436,-0.9819725048192007,DTAct
1.7323937598229686,1.6232492903979006,-0.5840324961471631,DTAct
2.3729120029701067,2.255272505103306,-0.4379044604689251,DTAct
3.0637085593914173,2.278753600952829,0.4071935795453317,DTAct
3.322219294733919,2.709269960975831,0.6565167521354366,DTAct
3.5342800052050816,2.722633922533812,0.827587209816067,DTAct
3.8596185787721806,2.77232170672292,1.1252374648286676,DTAct
4.063258279950456,2.82865989653532,1.3918586402546296,DTAct
4.805922035052057,2.8715729355458786,2.0609965685739793,DTAct
5.299284973679426,2.9523080096621253,2.5987814551102026,DTAct
0.6020599913279624,0.6020599913279624,-1.306434351954684,DTAct
1.0,0.7781512503836436,-1.0054043562907027,DTAct
1.6434526764861874,1.414973347970818,-0.5282831015710402,DTAct
2.0086001717619175,1.7634279935629373,-0.46133631194042696,DTAct
2.387389826338729,2.1072099696478683,-0.2650416667964588,DTAct
2.74350976472843,2.3541084391474008,-0.19249099964784705,DTAct
3.6460114095912393,2.4082399653118496,0.9902308383068472,DTAct
3.7080808104682315,2.4533183400470375,1.0157849427792354,DTAct
3.824386202318774,2.5998830720736876,1.1233179280477241,DTAct
4.250566369040124,2.6473829701146196,1.5703606242460166,DTAct
4.278845021747168,2.658964842664435,1.5862166819226164,DTAct
4.337339439388419,2.670245853074124,1.6463580910894082,DTAct
4.4885789165252525,2.7058637122839193,1.8183957974591753,DTAct
4.643728957803573,2.7323937598229686,1.9849344984968988,DTAct
4.790397770368715,2.7693773260761385,2.1189368144842575,DTAct
4.854208846146469,2.8363241157067516,2.1811282083016943,DTAct
0.3010299956639812,0.3010299956639812,-1.2567465331582721,DTAct
0.9030899869919435,0.6020599913279624,-0.7796252784386096,DTAct
1.255272505103306,0.7781512503836436,-0.4785952827746285,DTAct
2.1072099696478683,2.0170333392987803,-0.25674653315827206,DTAct
2.710963118995276,2.41161970596323,0.20565146474068413,DTAct
3.4122925093230463,2.8363241157067516,0.7300252011079729,DTAct
3.53731527311201,2.8573324964312685,0.7924714895119096,DTAct
5.075342539415632,2.8656960599160706,2.3759131801356417,DTAct
5.0890851808566575,2.998259338423699,2.3828395535151543,DTAct
0.3010299956639812,0.3010299956639812,-1.3264263285130735,DTPerf
1.5314789170422551,1.4771212547196624,-0.849305073793411,DTPerf
2.5440680443502757,2.48572142648158,-0.42333634152112987,DTPerf
3.366236123718293,2.496929648073215,0.6821738432488441,DTPerf
3.5735677730392186,2.6794278966121188,0.8830886860295575,DTPerf
4.152165990675555,2.761927838420529,1.4931176070287953,DTPerf
4.628777066916437,2.8102325179950842,1.9035113573948605,DTPerf
4.945242023254906,2.900913067737669,2.195495916370427,DTPerf
0.9030899869919435,0.9030899869919435,-1.3009574576551985,DTPerf
1.7323937598229686,1.6020599913279623,-0.6019874533191797,DTPerf
2.0492180226701815,1.6434526764861874,-0.4558594176409417,DTPerf
2.380211241711606,1.9344984512435677,-0.25956477249697346,DTPerf
2.716003343634799,2.4409090820652177,-0.15482942197696045,DTPerf
2.9965116721541785,2.5415792439465807,0.09698255101683917,DTPerf
3.7937903846908188,2.606381365110605,1.0550683995379242,DTPerf
4.146065989177396,2.7481880270062002,1.4306313075315402,DTPerf
4.43207092726408,2.9425041061680806,1.7185742268760569,DTPerf
0.3010299956639812,0.3010299956639812,-1.3004737229296368,DTPerf
0.9030899869919435,0.6020599913279624,-0.8233524682099744,DTPerf
2.0253058652647704,1.9912260756924949,-0.6984137316016745,DTPerf
2.69196510276736,2.387389826338729,-0.02172012197680795,DTPerf
3.2062860444124324,2.5998830720736876,0.3429789535565505,DTPerf
3.703119346236078,2.6232492903979003,0.9450389448845129,DTPerf
4.264817823009537,2.6334684555795866,1.5580634746400022,DTPerf
4.310438394815848,2.6720978579357175,1.6020730563843544,DTPerf
4.430462069819556,2.6989700043360187,1.7289100547555727,DTPerf
4.599708446224168,2.7041505168397992,1.9127783292667597,DTPerf
4.632659713293913,2.840106094456758,1.9342965722312795,DTPerf
5.115111035504348,2.893206753059848,2.421913371247487,DTPerf
0.3010299956639812,0.3010299956639812,-1.3241858294931799,DTPerf
1.4471580313422192,1.414973347970818,-1.0231558338291986,DTPerf
2.24551266781415,1.8325089127062364,-0.093736908114906,DTPerf
2.4742162640762553,1.954242509439325,0.05602541221842614,DTPerf
2.7781512503836434,2.1522883443830563,0.4316890261793115,DTPerf
2.9722028383790646,2.1818435879447726,0.46820586000507397,DTPerf
3.104487111312395,2.1931245983544616,0.5842991893854699,DTPerf
3.2629254693318317,2.53655844257153,0.6202968426569887,DTPerf
3.3521825181113627,2.617000341120899,0.630056679946145,DTPerf
4.170203022985664,2.7323937598229686,1.4806348492279824,DTPerf
4.261072451390823,2.8260748027008264,1.5209122105210768,DTPerf
5.089883925825993,2.8987251815894934,2.399269842542006,DTPerf
5.244148421887906,2.9813655090785445,2.5512227305838837,DTPerf
1.3010299956639813,1.3010299956639813,-1.3571373743963915,DTPerf
2.0086001717619175,1.8692317197309762,-0.7550773830684291,DTPerf
2.4082399653118496,2.187520720836463,-0.6581673700603726,DTPerf
2.9190780923760737,2.428134794028789,0.18693066995388416,DTPerf
3.284205067701794,2.887617300335736,0.4210138759872521,DTPerf
4.418301291319746,2.905256048748451,1.6714338782961462,DTPerf
0.3010299956639812,0.3010299956639812,-1.28576614378008,DTPerf
0.7781512503836436,0.6020599913279624,-0.9847361481160989,DTPerf
2.225309281725863,2.1818435879447726,-0.4406681037658233,DTPerf
2.7795964912578244,2.322219294733919,0.07596169223751277,DTPerf
3.1571544399062814,2.505149978319906,0.5403086589207463,DTPerf
3.447778009294621,2.7867514221455614,0.6965050892594883,DTPerf
4.556302500767287,3.0637085593914173,1.8791812288417615,DTPerf
0.3010299956639812,0.3010299956639812,-1.3263115043733071,DTPerf
1.0,0.9030899869919435,-1.025281508709326,DTPerf
2.2355284469075487,2.146128035678238,-0.32631150437330725,DTPerf
3.2195845262142546,2.4653828514484184,0.5979677816885745,DTPerf
3.713994267660644,2.751279103983342,1.0750890364082368,DTPerf
4.651646232639813,2.761927838420529,1.9843818079700535,DTPerf
4.849591377561532,2.948412965778601,2.1549877689595482,DTPerf
0.3010299956639812,0.3010299956639812,-1.3154293922455582,DTPerf
0.9030899869919435,0.7781512503836436,-1.0143993965815772,DTPerf
1.6812412373755872,1.4771212547196624,-0.4703313522313015,DTPerf
2.749736315569061,2.709269960975831,-0.3611868828062334,DTPerf
3.9057958803678687,2.788168371141168,1.1688704471012274,DTPerf
5.147193850368452,2.8260748027008264,2.4497919740594227,DTPerf
5.18076222098866,2.835056101720116,2.4838422161043145,DTPerf
0.3010299956639812,0.3010299956639812,-1.3048995390441251,DTPerf
1.0791812460476249,0.6020599913279624,-0.6059295347081063,DTPerf
2.1522883443830563,2.100370545117563,-0.40180955205218144,DTPerf
2.7371926427047373,2.3944516808262164,0.09304046962791253,DTPerf
3.06595298031387,2.53655844257153,0.2748840575726851,DTPerf
3.354876422516234,2.6232492903979003,0.4874921504541288,DTPerf
3.5317343092765503,2.8129133566428557,0.6089143133395917,DTPerf
3.792951708250132,2.8920946026904804,0.9280965713480288,DTPerf
4.751294504223833,2.9242792860618816,2.0212314176666695,DTPerf
0.3010299956639812,0.3010299956639812,-1.330550722674646,DTPerf
1.0,0.6020599913279624,-0.7284907313466837,DTPerf
1.3424226808222062,1.0,-0.5523994722910025,DTPerf
2.3541084391474008,2.3096301674258988,-0.48545268266038927,DTPerf
3.5284024379536176,2.7371926427047373,0.8708464016458053,DTPerf
3.890979596989689,2.9444826721501687,1.1333422663112611,DTPerf
2.3180633349627615,2.3180633349627615,-1.2735352954287047,DTPerf
2.887617300335736,2.3384564936046046,0.08819254058888808,DTPerf
3.016197353512439,2.361727836017593,0.24497864444918266,DTPerf
3.173186268412274,2.383815365980431,0.3796772183466389,DTPerf
3.428134794028789,2.7558748556724915,0.759888460058245,DTPerf
4.375261133684307,2.792391689498254,1.704188309860143,DTPerf
4.670950545585898,2.9731278535996988,1.983903271431109,DTPerf
0.3010299956639812,0.3010299956639812,-1.3058045116203363,DTPerf
1.146128035678238,0.9030899869919435,-0.7037445202923739,DTPerf
1.8692317197309762,1.662757831681574,-0.35156200218101136,DTPerf
2.444044795918076,2.3096301674258988,-0.3058045116203362,DTPerf
2.9903388547876015,2.526339277389844,-0.05053200651703014,DTPerf
3.534026106056135,2.6532125137753435,0.6532368807007574,DTPerf
4.030761590951017,2.7993405494535817,1.2693833333073248,DTPerf
4.6379098112624035,2.8221680793680175,1.9665013327817502,DTPerf
4.841058989943396,2.8524799936368566,2.1567432171823278,DTPerf
5.162767467879425,2.9304395947667,2.4597895436991086,DTPerf
0.3010299956639812,0.3010299956639812,-1.3105346616084528,DTPerf
1.0,0.9030899869919435,-1.0095046659444715,DTPerf
1.6232492903979006,1.0,-0.3105346616084526,DTPerf
2.230448921378274,2.0170333392987803,-0.08008574023017873,DTPerf
2.876217840591642,2.66838591669,0.08740534706358494,DTPerf
3.6224212739756703,2.7450747915820575,0.9016529427955051,DTPerf
4.789058681146925,2.7589118923979736,2.091554688963644,DTPerf
4.965850540459601,2.8785217955012063,2.2651149531467665,DTPerf
1.0791812460476249,1.0791812460476249,-1.3390722673959254,DTPerf
1.4771212547196624,1.255272505103306,-1.0380422717319442,DTPerf
1.9344984512435677,1.6812412373755872,-0.6401022630599067,DTPerf
2.342422680822206,2.1271047983648077,-0.5609210170122819,DTPerf
2.7481880270062002,2.287801729930226,-0.08379976229261941,DTPerf
3.0948203803548,2.305351369446624,0.4671077065879617,DTPerf
3.205745540942662,2.459392487759231,0.5301594523350507,DTPerf
3.7552648914122466,2.5440680443502757,1.0742274966853262,DTPerf
3.8486816540239506,2.864511081058392,1.1292750630162318,DTPerf
4.989316304989951,2.877371345869774,2.2947999952624074,DTPerf
5.261919168685267,2.8920946026904804,2.5603104381373396,DTPerf
0.6020599913279624,0.6020599913279624,-1.3316666630799112,DTPerf
1.0791812460476249,0.9030899869919435,-1.03063666741593,DTPerf
2.383815365980431,2.342422680822206,-0.6326966587438924,DTPerf
2.7649229846498886,2.4913616938342726,-0.25248541703228633,DTPerf
3.189770956346874,2.5514499979728753,0.3018017924996753,DTPerf
3.4974825373673704,2.5728716022004803,0.7097260220783139,DTPerf
3.706888394981618,2.7323937598229686,0.9649985271816199,DTPerf
4.366647051390854,2.761927838420529,1.6391449477926066,DTPerf
5.078855402979768,2.783903579272735,2.3731699431314928,DTPerf
5.081520126939681,2.8488047010518036,2.373341296253425,DTPerf
5.20183938777208,2.8549130223078554,2.490370584992674,DTPerf
0.3010299956639812,0.3010299956639812,-1.3165386867494957,DTPerf
1.146128035678238,1.0,-0.8394174320298333,DTPerf
1.7160033436347992,1.0791812460476249,-0.2751460015912708,DTPerf
1.8808135922807914,1.2041199826559248,-0.14044742769381457,DTPerf
2.437750562820388,2.220108088040055,0.02588399407271042,DTPerf
3.011993114659257,2.4216039268698313,0.3366738270258479,DTPerf
3.4575791469957626,2.4653828514484184,0.8357496576335607,DTPerf
3.743979865241843,2.513217600067939,1.0796606603462406,DTPerf
3.780317312140151,2.586587304671755,1.1148250774094917,DTPerf
4.068853493671498,2.6334684555795866,1.3961110148777156,DTPerf
4.128076012668715,2.7075701760979363,1.4355097610699428,DTPerf
4.374088156652817,2.7752462597402365,1.683461313250504,DTPerf
4.75117128700645,2.8785217955012063,2.0801835917542775,DTPerf
1.0791812460476249,1.0791812460476249,-1.3225426387462416,DTPerf
1.8325089127062364,1.7481880270062005,-1.0215126430822603,DTPerf
2.561101383649056,2.376576957056512,-0.47744459873198475,DTPerf
2.8102325179950842,2.4409090820652177,-0.28114995358801653,DTPerf
3.346744054604849,2.9138138523837167,0.31092581683334497,DTPerf
0.6020599913279624,0.6020599913279624,-1.3130105694328615,DTPerf
1.146128035678238,0.9030899869919435,-0.835889314713199,DTPerf
1.380211241711606,1.0,-0.710950578104899,DTPerf
2.0492180226701815,1.9444826721501687,-0.6140405650968427,DTPerf
2.4471580313422194,2.225309281725863,-0.5348593190492178,DTPerf
2.926342446625655,2.741939077729199,-0.3587680599935366,DTPerf
4.830511682042363,2.7634279935629373,2.131658661505663,DTPerf
4.860098329698518,2.8998205024270964,2.157987600228012,DTPerf
0.7781512503836436,0.7781512503836436,-1.35469458895414,DTPerf
1.3010299956639813,1.0,-0.8775733342344776,DTPerf
1.7781512503836436,1.414973347970818,-0.40045207951481515,DTPerf
2.41161970596323,2.1931245983544616,-0.07594098800131105,DTPerf
2.9561684304753633,2.1986570869544226,0.32654664842144715,DTPerf
3.1702617153949575,2.428134794028789,0.4904034510601168,DTPerf
3.4082399653118496,2.4653828514484184,0.7171874183519854,DTPerf
3.4991369945373827,2.5634810853944106,0.8036679031411096,DTPerf
3.890867938811441,2.5728716022004803,1.1422350591190749,DTPerf
4.000173683058465,2.6848453616444123,1.2716457784209023,DTPerf
4.049760551762476,2.717670503002262,1.3256409244604233,DTPerf
4.303541626948889,2.749736315569061,1.5638599415961334,DTPerf
4.343526753097717,2.941511432634403,1.5787926988945653,DTPerf
0.6020599913279624,0.6020599913279624,-1.3348798666602775,DTPerf
1.3424226808222062,1.146128035678238,-0.857758611940615,DTPerf
2.2355284469075487,2.1702617153949575,-0.6359098623242586,DTPerf
2.7573960287930244,2.361727836017593,-0.1887518309820394,DTPerf
3.327563260187278,2.450249108319361,0.6904259986044928,DTPerf
3.4313637641589874,2.637489729512511,0.8049992197409591,DTPerf
4.013342904345347,2.6473829701146196,1.3026098628522333,DTPerf
4.1796092337262,2.6720978579357175,1.4780334899825782,DTPerf
4.579532090157864,2.7126497016272113,1.8711360101030672,DTPerf
4.708233883776015,2.7466341989375787,2.001379685353916,DTPerf
5.007030472074964,2.807535028068853,2.3175598809291427,DTPerf
5.1494408234482,2.864511081058392,2.4646674404653375,DTPerf
5.253294379805401,2.90848501887865,2.5561555486550334,DTPerf
1.380211241711606,1.380211241711606,-1.3265035343789826,DTPerf
2.0718820073061255,1.8325089127062364,-0.21256018207214578,DTPerf
2.73559889969818,2.5390760987927767,-0.0042842396450632845,DTPerf
3.137986732723532,2.66838591669,0.2049753826632725,DTPerf
3.7089305358066165,2.717670503002262,0.9723495420307241,DTPerf
4.289232095922762,2.8182258936139557,1.6539543578971174,DTPerf
4.90829195620292,2.912753303671323,2.214076182125472,DTPerf
0.9030899869919435,0.9030899869919435,-1.3352076179292485,DTPerf
1.8325089127062364,1.7781512503836436,-1.0341776222652672,DTPerf
2.662757831681574,2.4149733479708178,-0.034177622265267306,DTPerf
3.3703280077795106,2.635483746814912,0.6515641163369964,DTPerf
3.796851749049887,2.7259116322950483,1.1057014641359693,DTPerf
4.68686854574798,2.761927838420529,2.01016611262984,DTPerf
4.790693223159479,2.7781512503836434,2.110396585344349,DTPerf
5.037729203254009,2.9703468762300935,2.3402957667987083,DTPerf
0.9030899869919435,0.9030899869919435,-1.3487258111885325,DTPerf
1.414973347970818,1.0,-0.74666581986057,DTPerf
2.450249108319361,2.404833716619938,-0.5705745608048888,DTPerf
3.415974411376566,2.5774917998372255,0.7376340194862158,DTPerf
3.95433900860246,2.724275869600789,1.2544185614316499,DTPerf
4.073058160988836,2.7307822756663893,1.3502441931474862,DTPerf
4.347369051268791,2.760422483423212,1.584761476660173,DTPerf
5.0752549005329,2.887617300335736,2.367194006245047,DTPerf
1.0791812460476249,1.0791812460476249,-1.3509564096069993,DTPerf
1.9030899869919435,1.7323937598229686,-0.5058583695927424,DTPerf
2.73559889969818,2.6273658565927325,-0.2717751635593744,DTPerf
3.6462076122066853,2.6954816764901977,0.7354034210677489,DTPerf
3.8200700343123257,2.9253120914996495,0.8895928386756004,DTPerf
1.255272505103306,1.255272505103306,-1.3081341252899839,DTPerf
2.12057393120585,1.9822712330395684,-0.26674144013175893,DTPerf
2.6532125137753435,2.1522883443830563,0.034288555532222265,DTPerf
2.9116901587538613,2.214843848047698,0.18322756854428876,DTPerf
3.184691430817599,2.322219294733919,0.44774073038250745,DTPerf
3.330007700872759,2.4913616938342726,0.5726794669908074,DTPerf
3.5747255835940734,2.505149978319906,0.8591832094581922,DTPerf
3.6726519228400023,2.5490032620257876,0.9590376031130299,DTPerf
3.9310508467773912,2.568201724066995,1.2420942277651101,DTPerf
4.014268457209643,2.6273658565927325,1.3233096437231882,DTPerf
4.212879792163402,2.651278013998144,1.5504030722796551,DTPerf
4.38388714426039,2.6954816764901977,1.7228701560735529,DTPerf
4.63154522783431,2.7307822756663893,1.981900486072534,DTPerf
4.766561552637531,2.751279103983342,2.10061448089426,DTPerf
4.864973607482706,2.797959643737196,2.171728987733114,DTPerf
5.170431878540508,2.850033257689769,2.4830651212088912,DTPerf
2.225309281725863,2.225309281725863,-1.3243507617807522,DTPerf
2.876217840591642,2.4653828514484184,0.018071919041454096,DTPerf
3.5908418347816027,2.5658478186735176,0.8824751142510975,DTPerf
3.9193919267738595,2.6232492903979003,1.1980934717255678,DTPerf
4.313149831468494,2.6989700043360187,1.6131671302365944,DTPerf
4.440972018733961,2.7558748556724915,1.7416022185331175,DTPerf
4.659859177357306,2.77232170672292,1.9566826054669753,DTPerf
5.14024399218623,2.7781512503836434,2.4376522075943634,DTPerf
5.200522191802113,2.858537197569639,2.4930162545068417,DTPerf
1.380211241711606,1.380211241711606,-1.3364865865391307,DTPerf
2.2095150145426308,2.0492180226701815,-0.2950939013809056,DTPerf
2.9283958522567137,2.250420002308894,0.4343654251030136,DTPerf
3.0982975364946976,2.5289167002776547,0.46285396291445113,DTPerf
3.3494717992143856,2.6989700043360187,0.667834787243512,DTPerf
4.457548860411008,2.7781512503836434,1.7690235982308433,DTPerf
4.47969045420215,2.8549130223078554,1.7777907100224557,DTPerf
5.008463901135791,2.8796692056320534,2.289031642432507,DTPerf
1.8692317197309762,1.8692317197309762,-1.2852396708064324,DTPerf
2.4082399653118496,1.954242509439325,-0.3821496838144888,DTPerf
2.859738566197147,2.459392487759231,-0.006486069853603454,DTPerf
3.2335037603411343,2.8115750058705933,0.31682032052153,DTPerf
4.369327200695435,2.859738566197147,1.6140335165111714,DTPerf
1.255272505103306,1.255272505103306,-1.323226882703313,DTPerf
1.8573324964312685,1.6020599913279623,-0.5450756323196693,DTPerf
2.380211241711606,2.1760912590556813,-0.3689843732639881,DTPerf
2.651278013998144,2.1818435879447726,-0.14713562364763177,DTPerf
2.9242792860618816,2.499687082618404,0.05698435900829307,DTPerf
3.8969669019331548,2.505149978319906,1.2069728154997692,DTPerf
4.053232148840502,2.507855871695831,1.3952748061639613,DTPerf
4.209729428016205,2.6570558528571038,1.5316861396045425,DTPerf
4.414338145582368,2.6884198220027105,1.7041227250714435,DTPerf
4.602754307194317,2.8115750058705933,1.9084975006252036,DTPerf
4.881795358738464,2.9561684304753633,2.1802914300207616,DTPerf
0.3010299956639812,0.3010299956639812,-1.2884015611879365,DTPerf
2.0492180226701815,2.0086001717619175,-0.5102503108042928,DTPerf
2.346352974450639,2.041392685158225,-0.4433035211736796,DTPerf
2.690196080028514,2.187520720836463,0.05402111963426977,DTPerf
3.011993114659257,2.250420002308894,0.4191686149099999,DTPerf
3.155336037465062,2.3138672203691533,0.53767324151289,DTPerf
3.248463717551032,2.5211380837040362,0.5566964788263203,DTPerf
3.6452257115354163,2.606381365110605,1.0016330501745816,DTPerf
3.9510459481358198,2.6646419755561257,1.3420263138370874,DTPerf
3.9920230277638504,2.677606952720493,1.382771281527147,DTPerf
4.342383197710956,2.8715729355458786,1.694321826480609,DTPerf
0.3010299956639812,0.3010299956639812,-2.2031587261739554,NRST
1.2041199826559248,0.9030899869919435,-1.5041887218379366,NRST
1.8573324964312685,1.0,-0.9244051252211264,NRST
1.9731278535996986,1.0791812460476249,-0.8414308901563625,NRST
2.0569048513364727,1.3010299956639813,-0.8229474844623493,NRST
3.3575537197430814,3.3279716236230104,-0.6590906818236798,NRST
4.092931075673553,3.5939502952639875,0.5857163896014613,NRST
5.274868770797614,3.654369090975286,1.6519362249846665,NRST
0.3010299956639812,0.3010299956639812,-2.106869830099647,NRST
0.7781512503836436,0.6020599913279624,-1.8058398344356654,NRST
1.255272505103306,0.7781512503836436,-1.407899825763628,NRST
2.1522883443830563,2.0170333392987803,-1.027688584052022,NRST
3.3848907965305544,3.307496037913213,-0.4078998257636279,NRST
4.084361758551405,3.3404441148401185,0.5163794602982538,NRST
4.852418992937001,3.3624824747511743,1.364715224085543,NRST
4.88019599804344,3.429429264381788,1.3842115833235404,NRST
5.182808249572545,3.439332693830263,1.7189456148855569,NRST
5.263366177818058,3.5742628297070267,1.7915262158303622,NRST
0.6020599913279624,0.6020599913279624,-2.173530549026318,NRST
1.414973347970818,0.7781512503836436,-1.3284325090120614,NRST
1.8573324964312685,1.662757831681574,-1.2704405620343748,NRST
3.166133970305109,3.1152775913959014,-0.7111325511273622,NRST
3.834674974462744,3.4342494523964757,0.32478000476328217,NRST
5.056210949954479,3.4641913706409997,1.5701359724198947,NRST
0.3010299956639812,0.3010299956639812,-2.2195940815569024,NRST
0.7781512503836436,0.6020599913279624,-1.9185640858929212,NRST
1.0791812460476249,0.7781512503836436,-1.7424728268372398,NRST
2.1335389083702174,2.0644579892269186,-1.3744960415426453,NRST
2.7737864449811935,2.3384564936046046,-0.5568362498753281,NRST
2.998259338423699,2.383815365980431,-0.32749947886642183,NRST
3.2041199826559246,2.4742162640762553,-0.15140821981074057,NRST
3.5425764762605296,3.0318122713303706,0.18007963992413595,NRST
3.7683420586445333,3.308350948586726,0.2731663074699353,NRST
4.061301656206044,3.5735677730392186,0.4238585949292852,NRST
0.3010299956639812,0.3010299956639812,-2.154663151045604,NRST
0.9030899869919435,0.6020599913279624,-1.6775418963259412,NRST
1.6812412373755872,1.4471580313422192,-1.25157316405366,NRST
2.164352855784437,1.6989700043360187,-0.8759095500927747,NRST
2.800717078282385,2.621176281775035,-0.5983606502783164,NRST
3.693726948923647,3.5560611590095323,-0.093965310691992,NRST
4.188872260771339,3.6514718521990424,0.5942997102105577,NRST
0.6020599913279624,0.6020599913279624,-2.189843903252627,NRST
1.146128035678238,0.7781512503836436,-1.5877839119246648,NRST
2.287801729930226,2.225309281725863,-1.1898439032526273,NRST
2.948412965778601,2.584331224367531,-0.6100603066358171,NRST
3.6072405038317426,3.0989896394011773,0.19932218111190528,NRST
3.885813374660489,3.2385478876813276,0.30846665053697325,NRST
3.9976484548962063,3.3001605369513523,0.3652505453256919,NRST
4.1829849670035815,3.433929765608464,0.61633607073126,NRST
4.362293937964231,3.5317343092765503,0.6988970574302654,NRST
4.606553328875237,3.6108730003800518,0.968216890683978,NRST
4.856281681186208,3.658964842664435,1.280860526470161,NRST
0.6020599913279624,0.6020599913279624,-2.1523127585895976,NRST
1.255272505103306,0.7781512503836436,-1.3741615082059537,NRST
3.0398105541483504,3.0269416279590295,-1.0731315125419725,NRST
3.5644293269979834,3.1583624920952498,0.03520796224686566,NRST
3.734799829588847,3.2195845262142546,0.1077586293954774,NRST
4.165837624690128,3.3439990690571615,0.5832861411085825,NRST
4.520247652686888,3.41161970596323,0.9508064949561165,NRST
4.64008373137312,3.6388884247050757,1.0382990392240075,NRST
0.7781512503836436,0.7781512503836436,-2.322382289532507,NRST
1.3424226808222062,1.0791812460476249,-1.8452610348128444,NRST
1.9138138523837167,1.4771212547196624,-1.20843893722567,NRST
2.6414741105040997,2.459392487759231,-0.9421710478209009,NRST
2.912753303671323,2.5658478186735176,-0.8452610348128445,NRST
3.230448921378274,2.606381365110605,-0.2731642668623253,NRST
3.493597449000527,3.137354111370733,-0.2432010434848821,NRST
3.680516809381255,3.2121876044039577,-0.21179257923325798,NRST
4.4501875018958374,3.2278867046136734,0.7314641373197457,NRST
4.559978403316071,3.538070787043172,0.841375234449449,NRST
5.013359750197132,3.545307116465824,1.372486038449949,NRST
5.157710561301971,3.7272158209084925,1.4930626267118432,NRST
2.0086001717619175,2.0086001717619175,-2.111684701325482,NRST
3.14674801363064,2.9822712330395684,-0.31234415187190023,NRST
4.018201022496291,3.554125581513013,0.3838596362209665,NRST
4.73961980573443,3.583878598498626,1.2111545713608391,NRST
0.3010299956639812,0.3010299956639812,-2.1979858705654225,NRST
0.9030899869919435,0.7781512503836436,-1.8969558749014415,NRST
3.059941888061955,3.0484418035504044,-1.1565931854071976,NRST
3.816373888752362,3.249442961442582,0.12216041554563134,NRST
4.154849841520744,3.3533390953113047,0.6611524267291081,NRST
4.7035836760172325,3.519827993775719,1.1885130949852305,NRST
0.3010299956639812,0.3010299956639812,-2.179967370243144,NRST
0.9030899869919435,0.6020599913279624,-1.7028461155234818,NRST
1.505149978319906,0.7781512503836436,-1.1799673702431441,NRST
1.6020599913279623,0.9030899869919435,-1.138574685084919,NRST
1.806179973983887,1.255272505103306,-1.0660240179363074,NRST
3.417969642214737,3.406540180433955,-1.0038761111874628,NRST
3.9707187037201894,3.539327063539375,0.14431508505454857,NRST
4.975146781052166,3.6119356250401227,1.3911589068411676,NRST
5.074099336149943,3.644635503768153,1.4483193608463703,NRST
0.3010299956639812,0.3010299956639812,-2.3432801368844496,NRST
1.7160033436347992,1.6989700043360187,-2.0422501412204683,NRST
2.575187844927661,2.507855871695831,-1.741220145556487,NRST
3.182414652434554,2.73559889969818,-0.33467996512253184,NRST
3.498586208817518,2.910624404889201,-0.0645265359316204,NRST
3.7791634237644987,3.249442961442582,0.11911786101450675,NRST
4.178458936452201,3.5813806887099866,0.49050423777202956,NRST
4.578639209968072,3.6931991451537174,0.868374263668733,NRST
0.3010299956639812,0.3010299956639812,-2.2777482128607316,NRST
0.9030899869919435,0.7781512503836436,-1.9767182171967503,NRST
1.380211241711606,1.0,-1.5787782085247126,NRST
2.041392685158225,1.3424226808222062,-0.9160203768431385,NRST
2.2648178230095364,1.5314789170422551,-0.7336801685104558,NRST
2.6190933306267428,2.2833012287035497,-0.6149903811791574,NRST
3.2095150145426308,3.06595298031387,-0.52187335718824,NRST
4.023334782538309,3.527114111639805,0.40258730055383174,NRST
4.21532025132993,3.5330090224954853,0.5489743073082607,NRST
4.659516883764218,3.5957166199434245,0.9175978454876882,NRST
5.245655764009539,3.771881320190099,1.5765578289403492,NRST
1.3424226808222062,1.3424226808222062,-2.1731566711599077,NRST
2.24551266781415,2.187520720836463,-1.8721266754959265,NRST
3.218535505216528,3.0484418035504044,-0.5297039946737202,NRST
3.738780558484369,3.1690863574870227,-0.030141870905812534,NRST
4.011232010319366,3.3197304943302246,0.2724475321136899,NRST
4.233402277811895,3.4143046881283317,0.5369606939519086,NRST
4.657686747599831,3.5200903281128424,1.022742981249326,NRST
5.108693534236987,3.6057358938767465,1.4967178313298948,NRST
0.6020599913279624,0.6020599913279624,-2.173133207264831,NRST
1.7160033436347992,1.505149978319906,-1.3280351672505744,NRST
2.6085260335771943,2.4742162640762553,-0.8721032116008499,NRST
3.4126285205443754,2.974971994298069,0.03369266876701852,NRST
3.6332664111554247,3.166133970305109,0.09168461574470527,NRST
3.9603756314101584,3.4216039268698313,0.4310928458196388,NRST
4.19506899646859,3.49220145139254,0.5616666223240158,NRST
5.1506397938766675,3.5296869537729165,1.6282018884097154,NRST
0.3010299956639812,0.3010299956639812,-2.0534783773536245,NRST
1.0,0.6020599913279624,-1.451418386025662,NRST
1.5797835966168101,1.255272505103306,-1.150388390361681,NRST
2.0253058652647704,1.6989700043360187,-0.9395350250467877,NRST
2.2600713879850747,1.8808135922807914,-0.9073503416753864,NRST
3.082066934285113,2.9694159123539814,-0.4624137703271252,NRST
3.379124146070392,3.010299956639812,-0.28262636571148025,NRST
3.783331762887424,3.090610707828407,0.4991898387585687,NRST
4.138933940256924,3.1486026548060932,0.8175104364069509,NRST
4.301550836600167,3.2681097298084785,0.978333893976746,NRST
4.538070787043172,3.456366033129043,1.1476455198537552,NRST
0.3010299956639812,0.3010299956639812,-2.12522695401401,NRST
0.7781512503836436,0.6020599913279624,-1.8241969583500288,NRST
1.255272505103306,1.0,-1.5231669626860476,NRST
2.1522883443830563,2.0718820073061255,-1.2221369670220663,NRST
2.9703468762300935,2.8715729355458786,-0.710253606043192,NRST
3.671728088239558,3.151676230847048,0.21916531967110076,NRST
4.245068275718399,3.2474822606770544,0.7260313947050654,NRST
4.482215929792211,3.4938761108528227,0.9270821456333136,NRST
4.961772184810203,3.593728998707911,1.4290198541521006,NRST
0.3010299956639812,0.3010299956639812,-2.252061729402039,NRST
0.9030899869919435,0.6020599913279624,-1.7749404746823767,NRST
2.1760912590556813,2.1271047983648077,-1.4739104790183954,NRST
2.6232492903979003,2.4216039268698313,-1.2978192199627143,NRST
3.0644579892269186,2.637489729512511,-0.4069636893877823,NRST
3.3184807251745174,2.7466341989375787,-0.20284370673185753,NRST
3.44216608578472,2.806179973983887,-0.14485175975417078,NRST
3.5735677730392186,2.8609366207000937,0.02209611986164072,NRST
3.6910814921229687,3.035829825252828,0.046791347007667516,NRST
3.878981123393736,3.0429690733931802,0.251728953655142,NRST
4.182813951257366,3.15106325335375,0.6064754681675999,NRST
4.259211493228929,3.2116544005531824,0.6537341509658293,NRST
4.303368876556037,3.2132520521963968,0.6824367218415286,NRST
4.403909430533359,3.3096301674258988,0.8036987352856956,NRST
4.481499957323179,3.311753861055754,0.8875025367738106,NRST
4.529994673069142,3.351409751925439,0.9093062728329357,NRST
4.586542297730225,3.395501124305626,0.9479675371517312,NRST
4.6512780139981444,3.4683473304121573,1.0048964231588928,NRST
4.973931017282125,3.7048366062114035,1.3401150279938276,NRST
0.6020599913279624,0.6020599913279624,-2.286557418054889,NRST
1.414973347970818,0.7781512503836436,-1.3323149086155643,NRST
1.7160033436347992,1.255272505103306,-1.1726140657480526,NRST
2.164352855784437,1.7481880270062005,-0.8551936538959021,NRST
2.8692317197309762,2.164352855784437,-0.22965256671841675,NRST
3.1179338350396413,2.505149978319906,-0.11337114964261528,NRST
3.3376588910261424,2.9355072658247128,-0.10758047076171984,NRST
3.6001012556913907,3.228913405994688,-0.03370438707499613,NRST
4.174989650407334,3.2329961103921536,0.5395173846459371,NRST
4.288964260896139,3.3510228525841237,0.6319971124953843,NRST
4.7244069575830405,3.380934463330702,1.0974373713868435,NRST
4.89302900027648,3.4712917110589387,1.2562680089042906,NRST
4.945537515293365,3.7038070652743285,1.2845688590294224,NRST
0.3010299956639812,0.3010299956639812,-2.110714399648375,NRST
1.0791812460476249,0.6020599913279624,-1.4117443953123563,NRST
1.7323937598229686,1.5314789170422551,-1.1564718902090503,NRST
3.0726174765452368,3.010299956639812,-0.5086544083204126,NRST
3.749890841271422,3.6144753660903954,-0.09368106034959475,NRST
5.258666011287546,3.798650645445269,1.688350319702633,NRST
0.3010299956639812,0.3010299956639812,-2.111253290688844,NRST
1.255272505103306,1.2041199826559248,-1.8102232950248631,NRST
1.9637878273455553,1.505149978319906,-0.9651252550106062,NRST
3.204662511748219,3.1789769472931693,-0.935162031633163,NRST
3.6663307443019684,3.3312247810207323,-0.13352968539999646,NRST
4.1021591832436854,3.366236123718293,0.5543277003291089,NRST
4.4806392293901816,3.4255342204982635,0.9456515606476283,NRST
5.077956257253354,3.4877038631637265,1.5716135049734803,NRST
5.118648244133106,3.4955443375464483,1.6235465389000028,NRST
0.3010299956639812,0.3010299956639812,-2.1792976111723936,NRST
2.6127838567197355,2.6085260335771943,-1.702176356452731,NRST
3.2949069106051923,3.0718820073061255,-0.32803926245331827,NRST
3.827756862978617,3.0791812460476247,0.21864239749964406,NRST
3.9456654994321343,3.3121773564397787,0.2439482627644143,NRST
4.317896266492956,3.398981066658131,0.7350455459470472,NRST
4.797876649600834,3.414639146737009,1.2940433530135418,NRST
4.963844470757835,3.537063142781617,1.433698044859954,NRST
0.6020599913279624,0.6020599913279624,-2.1201609169612654,NRST
1.9637878273455553,1.9138138523837167,-1.518100925633303,NRST
2.595496221825574,2.24551266781415,-0.5638584161939781,NRST
2.9552065375419416,2.48572142648158,-0.20108282458519147,NRST
3.0969100130080562,2.5237464668115646,-0.1856624657176976,NRST
3.358315640082196,2.66838591669,0.013377991408952187,NRST
3.604873770552636,3.236537261488694,0.03517512050379645,NRST
4.140633725134818,3.4345689040341987,0.6256942782124636,NRST
4.399119686027934,3.5190400386483445,0.8143375342823024,NRST
5.08781689793553,3.6755950563867463,1.56905912030257,NRST
1.0,1.0,-2.196941667559914,NRST
1.3424226808222062,1.0791812460476249,-1.8959116718959326,NRST
2.6848453616444123,2.60422605308447,-0.8545189867377077,NRST
3.160168292958512,2.9242792860618816,-0.4809383239251147,NRST
3.5182506513085,3.180125875164054,-0.21467043452034548,NRST
4.0888445627270045,3.323870606540509,0.5028960583073319,NRST
4.597234326127347,3.361727836017593,1.025254378741806,NRST
4.726890140741822,3.3681008517093516,1.145086020527558,NRST
4.842971000965844,3.6532125137753435,1.2376272364742849,NRST
0.6020599913279624,0.6020599913279624,-2.1882693142055167,NRST
1.255272505103306,0.7781512503836436,-1.489299309869498,NRST
1.5797835966168101,1.0,-1.234026804766192,NRST
2.877371345869774,2.8221680793680175,-0.8080580724939108,NRST
3.7613263224214566,3.3432115901797474,0.225030449875735,NRST
4.464787519645937,3.346352974450639,0.9417426354663875,NRST
5.0037878529824615,3.4345689040341987,1.476936314229084,NRST
5.0281237151288405,3.611510887126656,1.4871423795093466,NRST
5.147200039323981,3.8040030547296126,1.5839790257663369,NRST
0.7781512503836436,0.7781512503836436,-2.1939089701757504,NRST
1.7781512503836436,1.5563025007672873,-1.1525162850175252,NRST
2.1271047983648077,1.6989700043360187,-0.8716896754418311,NRST
2.568201724066995,2.346352974450639,-0.7789356222049323,NRST
3.3242824552976926,3.0492180226701815,-0.12945098094883184,NRST
3.9871297676598974,3.4409090820652177,0.3858746264410598,NRST
4.119717659105495,3.534026106056135,0.3949227554184569,NRST
0.6020599913279624,0.6020599913279624,-2.1988709741887567,NRST
1.255272505103306,0.7781512503836436,-1.499900969852738,NRST
1.5314789170422551,0.9030899869919435,-1.1988709741887567,NRST
1.7481880270062005,1.0,-0.994750991532832,NRST
2.0569048513364727,1.3424226808222062,-0.7217497194690943,NRST
2.4183012913197452,2.0718820073061255,-0.6190873775719467,NRST
2.8808135922807914,2.346352974450639,-0.18603374948358456,NRST
3.291368850451583,2.7058637122839193,0.09998210222094991,NRST
3.4572761860613257,2.90848501887865,0.13154279916043407,NRST
3.7481880270062002,3.432969290874406,0.14748200026188188,NRST
4.338257230246255,3.557025722386383,0.6456062015569246,NRST
0.3010299956639812,0.3010299956639812,-2.1778792370368585,NRST
1.6989700043360187,1.662757831681574,-1.7007579823171963,NRST
2.5705429398818973,2.4885507165004443,-1.274789250044915,NRST
3.0178677189635055,2.7058637122839193,-0.5444107814572721,NRST
3.4310419453358856,3.2030328870147105,-0.39254940202609157,NRST
3.9144489406985543,3.274619619091238,0.3326657731697535,NRST
4.4910253356283,3.321391278311689,0.954060058173566,NRST
4.593551880238122,3.450249108319361,1.0681266670391705,NRST
4.783717821516938,3.5296869537729165,1.1712039317427316,NRST
5.2205055733230425,3.725421550074259,1.6481307407542418,NRST
0.6020599913279624,0.6020599913279624,-2.1511736151896157,NRST
1.3010299956639813,1.0791812460476249,-1.5491136238616534,NRST
2.870403905279027,2.815577748324267,-0.8959011100863097,NRST
3.519302849235429,3.2528530309798933,0.019088100205341702,NRST
4.475293376659103,3.269979676645324,1.0567299151964358,NRST
4.6295930650556985,3.308350948586726,1.1341586124542686,NRST
4.831063118319127,3.3328422669943514,1.3370950003058442,NRST
4.881783955593384,3.4222614508136027,1.3625765348922079,NRST
5.175876954245075,3.504878459410216,1.6624740801572808,NRST
0.3010299956639812,0.3010299956639812,-2.1572918546960254,NRST
0.9030899869919435,0.6020599913279624,-1.6801705999763628,NRST
1.255272505103306,0.7781512503836436,-1.4583218503600064,NRST
2.0170333392987803,1.9344984512435677,-1.3791406043123815,NRST
2.6884198220027105,2.2355284469075487,-0.4330159850952361,NRST
3.465977368285823,3.3647385550553985,-0.21777260207740665,NRST
4.248855680106431,3.694605198933569,0.5442761303599022,NRST
